{
    "loss": 1.705108642578125,
    "accuracy": 0.8222222328186035
}