{
    "loss": 53.65680694580078,
    "accuracy": 0.4888888895511627
}