{
    "loss": 9.528661727905273,
    "accuracy": 0.5111111402511597
}